<?xml version="1.0" encoding="UTF-8"?>
<metadata xml:lang="th"><Esri><CreaDate>20241129</CreaDate><CreaTime>17265200</CreaTime><ArcGISFormat>1.0</ArcGISFormat><SyncOnce>FALSE</SyncOnce><DataProperties><lineage><Process ToolSource="c:\program files (x86)\arcgis\desktop10.1\ArcToolbox\Toolboxes\Data Management Tools.tbx\CalculateField" Date="20131114" Time="091952" Name="" export="">CalculateField gistda_tambon56_V5 AP_EN "Chaloem Phra Kiat" VB #</Process><Process ToolSource="c:\program files (x86)\arcgis\desktop10.1\ArcToolbox\Toolboxes\Data Management Tools.tbx\CalculateField" Date="20131114" Time="101047" Name="" export="">CalculateField gistda_tambon56_V5 TB_TN "โนนนาจาน" VB #</Process><Process ToolSource="c:\program files (x86)\arcgis\desktop10.1\ArcToolbox\Toolboxes\Data Management Tools.tbx\CalculateField" Date="20131114" Time="105450" Name="" export="">CalculateField gistda_tambon56_V5 TB_TN "โนนศิลาเลิง" VB #</Process><Process ToolSource="c:\program files (x86)\arcgis\desktop10.1\ArcToolbox\Toolboxes\Data Management Tools.tbx\CalculateField" Date="20131114" Time="105623" Name="" export="">CalculateField gistda_tambon56_V5 TB_TN "โคกสะอาด" VB #</Process><Process ToolSource="c:\program files (x86)\arcgis\desktop10.1\ArcToolbox\Toolboxes\Data Management Tools.tbx\CalculateField" Date="20131114" Time="105649" Name="" export="">CalculateField gistda_tambon56_V5 TB_TN "ลำชี" VB #</Process><Process ToolSource="c:\program files (x86)\arcgis\desktop10.1\ArcToolbox\Toolboxes\Data Management Tools.tbx\CalculateField" Date="20131114" Time="132645" Name="" export="">CalculateField gistda_tambon56_V5 TB_TN "ยอดชาด" VB #</Process><Process ToolSource="c:\program files (x86)\arcgis\desktop10.1\ArcToolbox\Toolboxes\Data Management Tools.tbx\CalculateField" Date="20131114" Time="132725" Name="" export="">CalculateField gistda_tambon56_V5 TB_TN "โคกสี" VB #</Process><Process ToolSource="c:\program files (x86)\arcgis\desktop10.1\ArcToolbox\Toolboxes\Data Management Tools.tbx\CalculateField" Date="20131114" Time="132737" Name="" export="">CalculateField gistda_tambon56_V5 TB_EN "Khok Si" VB #</Process><Process ToolSource="c:\program files (x86)\arcgis\desktop10.1\ArcToolbox\Toolboxes\Data Management Tools.tbx\CalculateField" Date="20131114" Time="132920" Name="" export="">CalculateField gistda_tambon56_V5 TB_IDN "481204" VB #</Process><Process ToolSource="c:\program files (x86)\arcgis\desktop10.1\ArcToolbox\Toolboxes\Data Management Tools.tbx\CalculateField" Date="20131114" Time="132933" Name="" export="">CalculateField gistda_tambon56_V5 TB_CODE "04" VB #</Process><Process ToolSource="c:\program files (x86)\arcgis\desktop10.1\ArcToolbox\Toolboxes\Data Management Tools.tbx\CalculateField" Date="20131114" Time="132946" Name="" export="">CalculateField gistda_tambon56_V5 TB_TN "หนองโพธิ์" VB #</Process><Process ToolSource="c:\program files (x86)\arcgis\desktop10.1\ArcToolbox\Toolboxes\Data Management Tools.tbx\CalculateField" Date="20131114" Time="133110" Name="" export="">CalculateField gistda_tambon56_V5 TB_EN "Nong Pho" VB #</Process><Process ToolSource="c:\program files (x86)\arcgis\desktop10.1\ArcToolbox\Toolboxes\Data Management Tools.tbx\CalculateField" Date="20131114" Time="133137" Name="" export="">CalculateField gistda_tambon56_V5 TB_IDN "481202" VB #</Process><Process ToolSource="c:\program files (x86)\arcgis\desktop10.1\ArcToolbox\Toolboxes\Data Management Tools.tbx\CalculateField" Date="20131114" Time="133146" Name="" export="">CalculateField gistda_tambon56_V5 TB_CODE "02" VB #</Process><Process ToolSource="c:\program files (x86)\arcgis\desktop10.1\ArcToolbox\Toolboxes\Data Management Tools.tbx\CalculateField" Date="20131114" Time="151749" Name="" export="">CalculateField gistda_tambon56_V5 TB_TN "สุไหงโก-ลก" VB #</Process><Process ToolSource="c:\program files (x86)\arcgis\desktop10.1\ArcToolbox\Toolboxes\Data Management Tools.tbx\CalculateField" Date="20131114" Time="160344" Name="" export="">CalculateField gistda_tambon56_V5 TB_TN "เวียงเหนือ" VB #</Process><Process ToolSource="c:\program files (x86)\arcgis\desktop10.1\ArcToolbox\Toolboxes\Data Management Tools.tbx\CalculateField" Date="20131115" Time="094926" Name="" export="">CalculateField gistda_tambon56_V5 TB_TN "เจดีย์ชัย" VB #</Process><Process ToolSource="c:\program files (x86)\arcgis\desktop10.1\ArcToolbox\Toolboxes\Data Management Tools.tbx\CalculateField" Date="20131115" Time="094934" Name="" export="">CalculateField gistda_tambon56_V5 COM_TN "เจดีย์ชัย" VB #</Process><Process ToolSource="c:\program files (x86)\arcgis\desktop10.1\ArcToolbox\Toolboxes\Data Management Tools.tbx\CalculateField" Date="20131115" Time="095002" Name="" export="">CalculateField gistda_tambon56_V5 TB_TN "ผาทอง" VB #</Process><Process ToolSource="c:\program files (x86)\arcgis\desktop10.1\ArcToolbox\Toolboxes\Data Management Tools.tbx\CalculateField" Date="20131115" Time="095154" Name="" export="">CalculateField gistda_tambon56_V5 AP_EN "Mae Poen" VB #</Process><Process ToolSource="c:\program files (x86)\arcgis\desktop10.1\ArcToolbox\Toolboxes\Data Management Tools.tbx\CalculateField" Date="20131115" Time="095757" Name="" export="">CalculateField gistda_tambon56_V5 ADMIN_TYPE "5" VB #</Process><Process ToolSource="c:\program files (x86)\arcgis\desktop10.1\ArcToolbox\Toolboxes\Data Management Tools.tbx\CalculateField" Date="20131115" Time="161434" Name="" export="">CalculateField gistda_tambon ADMIN_TYPE 4 VB #</Process><Process ToolSource="c:\program files (x86)\arcgis\desktop10.2\ArcToolbox\Toolboxes\Data Management Tools.tbx\CalculateField" Date="20150707" Time="113705" Name="" export="">CalculateField L05_Tambon_GISTDA_50k Admin_Level [ADMIN_TYPE] VB #</Process><Process ToolSource="c:\program files (x86)\arcgis\desktop10.2\ArcToolbox\Toolboxes\Data Management Tools.tbx\CalculateField" Date="20150707" Time="113758" Name="" export="">CalculateField L05_Tambon_GISTDA_50k Admin_Area_Name_T [TB_TN] VB #</Process><Process ToolSource="c:\program files (x86)\arcgis\desktop10.2\ArcToolbox\Toolboxes\Data Management Tools.tbx\CalculateField" Date="20150707" Time="113815" Name="" export="">CalculateField L05_Tambon_GISTDA_50k Admin_Area_Name_E [TB_EN] VB #</Process><Process ToolSource="c:\program files (x86)\arcgis\desktop10.2\ArcToolbox\Toolboxes\Data Management Tools.tbx\CalculateField" Date="20150707" Time="113953" Name="" export="">CalculateField L05_Tambon_GISTDA_50k Admin_Area_ID [PV_CODE] VB #</Process><Process ToolSource="c:\program files (x86)\arcgis\desktop10.2\ArcToolbox\Toolboxes\Data Management Tools.tbx\CalculateField" Date="20150707" Time="114915" Name="" export="">CalculateField L05_Tambon_GISTDA_50k ADMIN_Area [TB_IDN] VB #</Process><Process ToolSource="c:\program files (x86)\arcgis\desktop10.2\ArcToolbox\Toolboxes\Data Management Tools.tbx\CalculateField" Date="20150707" Time="115011" Name="" export="">CalculateField L05_Tambon_GISTDA_50k ADMIN_Area_ID [TB_CODE] VB #</Process><Process ToolSource="c:\program files (x86)\arcgis\desktop10.2\ArcToolbox\Toolboxes\Data Management Tools.tbx\CalculateField" Date="20150707" Time="115111" Name="" export="">CalculateField L05_Tambon_GISTDA_50k ADMIN_Level [ADMIN_TYPE] VB #</Process><Process ToolSource="c:\program files (x86)\arcgis\desktop10.2\ArcToolbox\Toolboxes\Data Management Tools.tbx\CalculateField" Date="20150707" Time="115149" Name="" export="">CalculateField L05_Tambon_GISTDA_50k ADMIN_Area_Name_T [TB_TN] VB #</Process><Process ToolSource="c:\program files (x86)\arcgis\desktop10.2\ArcToolbox\Toolboxes\Data Management Tools.tbx\CalculateField" Date="20150707" Time="115227" Name="" export="">CalculateField L05_Tambon_GISTDA_50k ADMIN_Area_Name_E [TB_EN] VB #</Process><Process ToolSource="c:\program files (x86)\arcgis\desktop10.2\ArcToolbox\Toolboxes\Data Management Tools.tbx\CalculateField" Date="20150709" Time="091617" Name="" export="">CalculateField L05_Tambon_GISTDA_50k AD_LEVEL [ADMIN_Level] VB #</Process><Process ToolSource="c:\program files (x86)\arcgis\desktop10.2\ArcToolbox\Toolboxes\Data Management Tools.tbx\CalculateField" Date="20150709" Time="091648" Name="" export="">CalculateField L05_Tambon_GISTDA_50k TA_ID [TB_CODE] VB #</Process><Process ToolSource="c:\program files (x86)\arcgis\desktop10.2\ArcToolbox\Toolboxes\Data Management Tools.tbx\CalculateField" Date="20150709" Time="091705" Name="" export="">CalculateField L05_Tambon_GISTDA_50k TAMBON_T [TB_TN] VB #</Process><Process ToolSource="c:\program files (x86)\arcgis\desktop10.2\ArcToolbox\Toolboxes\Data Management Tools.tbx\CalculateField" Date="20150709" Time="091729" Name="" export="">CalculateField L05_Tambon_GISTDA_50k TAMBON_E [TB_EN] VB #</Process><Process ToolSource="c:\program files (x86)\arcgis\desktop10.2\ArcToolbox\Toolboxes\Data Management Tools.tbx\CalculateField" Date="20150709" Time="091752" Name="" export="">CalculateField L05_Tambon_GISTDA_50k AM_ID [AP_CODE] VB #</Process><Process ToolSource="c:\program files (x86)\arcgis\desktop10.2\ArcToolbox\Toolboxes\Data Management Tools.tbx\CalculateField" Date="20150709" Time="091807" Name="" export="">CalculateField L05_Tambon_GISTDA_50k AMPHOE_T [AP_TN] VB #</Process><Process ToolSource="c:\program files (x86)\arcgis\desktop10.2\ArcToolbox\Toolboxes\Data Management Tools.tbx\CalculateField" Date="20150709" Time="091822" Name="" export="">CalculateField L05_Tambon_GISTDA_50k AMPOHE_E [AP_EN] VB #</Process><Process ToolSource="c:\program files (x86)\arcgis\desktop10.2\ArcToolbox\Toolboxes\Data Management Tools.tbx\CalculateField" Date="20150709" Time="091908" Name="" export="">CalculateField L05_Tambon_GISTDA_50k CH_ID [PV_CODE] VB #</Process><Process ToolSource="c:\program files (x86)\arcgis\desktop10.2\ArcToolbox\Toolboxes\Data Management Tools.tbx\CalculateField" Date="20150709" Time="091933" Name="" export="">CalculateField L05_Tambon_GISTDA_50k CHANGWAT_T [PV_TN] VB #</Process><Process ToolSource="c:\program files (x86)\arcgis\desktop10.2\ArcToolbox\Toolboxes\Data Management Tools.tbx\CalculateField" Date="20150709" Time="091950" Name="" export="">CalculateField L05_Tambon_GISTDA_50k CHANGWAT_E [PV_EN] VB #</Process><Process ToolSource="c:\program files (x86)\arcgis\desktop10.1\ArcToolbox\Toolboxes\Data Management Tools.tbx\CalculateField" Date="20160411" Time="164338" Name="" export="">CalculateField L05_Tambon_GISTDA_50k_Y2013 PV_IDN "[PV_IDN] =10" VB #</Process><Process ToolSource="c:\program files (x86)\arcgis\desktop10.2\ArcToolbox\Toolboxes\Data Management Tools.tbx\CalculateField" Date="20161104" Time="161213" Name="" export="">CalculateField L05_Tambon_GISTDA_50k PV_IDN [PV_CODE] VB #</Process><Process ToolSource="c:\program files (x86)\arcgis\desktop10.2\ArcToolbox\Toolboxes\Data Management Tools.tbx\CalculateField" Date="20161104" Time="162112" Name="" export="">CalculateField L05_Tambon_GISTDA_50k PV_IDN [PV_CODE] VB #</Process><Process ToolSource="c:\program files (x86)\arcgis\desktop10.7\ArcToolbox\Toolboxes\Data Management Tools.tbx\DeleteField" Date="20201006" Time="011544">DeleteField Tambon AP_IDN;AP_CODE;TAMBON_T;TAMBON_E;AM_ID;AMPHOE_T;AMPOHE_E;CH_ID;CHANGWAT_T;CHANGWAT_E;MOD_DATE</Process></lineage><itemProps><itemLocation><linkage Sync="TRUE">file://\\172.27.120.1\bigtank2\datawarehouse\L05_AdminBoundary\base\L05_Tambon_GISTDA_50k.shp</linkage><protocol Sync="TRUE">Local Area Network</protocol></itemLocation><itemName Sync="TRUE">L05_Tambon_GISTDA_50k</itemName><imsContentType Sync="TRUE" export="False">002</imsContentType><nativeExtBox><westBL Sync="TRUE">97.343699</westBL><eastBL Sync="TRUE">105.637025</eastBL><southBL Sync="TRUE">5.612738</southBL><northBL Sync="TRUE">20.464926</northBL><exTypeCode Sync="TRUE">1</exTypeCode></nativeExtBox><itemSize Sync="TRUE">90.704</itemSize></itemProps><copyHistory><copy source="B:\projects\app-rs\GIP\administrator\gistda_tambon56" dest="\\172.27.120.1\bigtank\projects\app-rs\GIP\Database\Administrator\GISTDA\version5_20131115\gistda_tambon56Copy" date="20140528" time="14175300"/></copyHistory><coordRef><type Sync="TRUE">Geographic</type><geogcsn Sync="TRUE">GCS_WGS_1984</geogcsn><csUnits Sync="TRUE">Angular Unit: Degree (0.017453)</csUnits><peXml Sync="TRUE">&lt;GeographicCoordinateSystem xsi:type='typens:GeographicCoordinateSystem' xmlns:xsi='http://www.w3.org/2001/XMLSchema-instance' xmlns:xs='http://www.w3.org/2001/XMLSchema' xmlns:typens='http://www.esri.com/schemas/ArcGIS/10.3'&gt;&lt;WKT&gt;GEOGCS[&amp;quot;GCS_WGS_1984&amp;quot;,DATUM[&amp;quot;D_WGS_1984&amp;quot;,SPHEROID[&amp;quot;WGS_1984&amp;quot;,6378137.0,298.257223563]],PRIMEM[&amp;quot;Greenwich&amp;quot;,0.0],UNIT[&amp;quot;Degree&amp;quot;,0.0174532925199433],AUTHORITY[&amp;quot;EPSG&amp;quot;,4326]]&lt;/WKT&gt;&lt;XOrigin&gt;-400&lt;/XOrigin&gt;&lt;YOrigin&gt;-400&lt;/YOrigin&gt;&lt;XYScale&gt;11258999068426.238&lt;/XYScale&gt;&lt;ZOrigin&gt;-100000&lt;/ZOrigin&gt;&lt;ZScale&gt;10000&lt;/ZScale&gt;&lt;MOrigin&gt;-100000&lt;/MOrigin&gt;&lt;MScale&gt;10000&lt;/MScale&gt;&lt;XYTolerance&gt;8.983152841195215e-009&lt;/XYTolerance&gt;&lt;ZTolerance&gt;0.001&lt;/ZTolerance&gt;&lt;MTolerance&gt;0.001&lt;/MTolerance&gt;&lt;HighPrecision&gt;true&lt;/HighPrecision&gt;&lt;LeftLongitude&gt;-180&lt;/LeftLongitude&gt;&lt;WKID&gt;4326&lt;/WKID&gt;&lt;LatestWKID&gt;4326&lt;/LatestWKID&gt;&lt;/GeographicCoordinateSystem&gt;</peXml></coordRef></DataProperties><ModDate>20170206</ModDate><ModTime>14340300</ModTime><scaleRange><minScale>150000000</minScale><maxScale>5000</maxScale></scaleRange><ArcGISProfile>NAP</ArcGISProfile><SyncDate>20170206</SyncDate><SyncTime>14340300</SyncTime></Esri><dataIdInfo><searchKeys><keyword>Boundary</keyword><keyword>ขอบเขตการปกครอง</keyword><keyword>Tambon</keyword><keyword>ขอบเขตตำบล</keyword><keyword>gistda_tambon56</keyword><keyword>GISTDA</keyword><keyword>สทอภ.</keyword></searchKeys><idPurp>ขอบเขตตำบลอัพเดทจากข้อมูลของกรมการปกครอง (DOPA) ปี 2554 </idPurp><idAbs>&lt;DIV STYLE="text-align:Left;"&gt;&lt;DIV&gt;&lt;DIV&gt;&lt;P STYLE="margin:0 0 14 0;"&gt;&lt;SPAN&gt;&lt;SPAN&gt;1. แก้ไขชื่อภาษาไทย ภาษาอังกฤษที่ไม่เขียนไม่ถูกต้องตามชื่อสถานที่จริงในระดับจังหวัดและอำเภอ โดยอ้างอิงจากหนังสือประกาศสำนักนายกรัฐมนตรีและประกาศราชบัณฑิตยสถาน เรื่อง การเขียนชื่อจังหวัด เขต อำเภอ และกิ่งอำเภอ และ เรื่องหลักเกณฑ์การถอดอักษรไทยเป็นอักษรโรมันแบบถ่ายเสียง ปี พิมพ์ครั้งที่ 1 พ.ศ.2553&lt;/SPAN&gt;&lt;/SPAN&gt;&lt;SPAN /&gt;&lt;SPAN /&gt;&lt;SPAN&gt;&lt;SPAN&gt;ส่วนระดับตำบลอ้างอิงจาก &lt;/SPAN&gt;&lt;/SPAN&gt;&lt;A href="http://www.wikipedia.org/"&gt;&lt;SPAN&gt;&lt;SPAN&gt;http://www.wikipedia.org/&lt;/SPAN&gt;&lt;/SPAN&gt;&lt;/A&gt;&lt;SPAN /&gt;&lt;SPAN /&gt;&lt;SPAN /&gt;&lt;SPAN&gt;ยกตัวอย่างเช่น คำว่า &lt;/SPAN&gt;&lt;SPAN&gt;&lt;SPAN&gt;“&lt;/SPAN&gt;&lt;/SPAN&gt;&lt;SPAN&gt;&lt;SPAN&gt;เมือง&lt;/SPAN&gt;&lt;/SPAN&gt;&lt;SPAN&gt;&lt;SPAN&gt;” &lt;/SPAN&gt;&lt;/SPAN&gt;&lt;SPAN&gt;&lt;SPAN&gt;ภาษาอังกฤษในตารางจะเขียนเป็น &lt;/SPAN&gt;&lt;/SPAN&gt;&lt;SPAN&gt;&lt;SPAN&gt;“Muang” &lt;/SPAN&gt;&lt;/SPAN&gt;&lt;SPAN&gt;&lt;SPAN&gt;แต่ตามหนังสือประกาศฯ เขียน &lt;/SPAN&gt;&lt;/SPAN&gt;&lt;SPAN&gt;&lt;SPAN&gt;“Mueang”&lt;/SPAN&gt;&lt;/SPAN&gt;&lt;/P&gt;&lt;P STYLE="margin:0 0 14 0;"&gt;&lt;SPAN&gt;2. &lt;/SPAN&gt;&lt;SPAN&gt;&lt;SPAN&gt;แก้ไข&lt;/SPAN&gt;&lt;/SPAN&gt;&lt;SPAN /&gt;&lt;SPAN /&gt;&lt;SPAN&gt;&lt;SPAN&gt;code &lt;/SPAN&gt;&lt;/SPAN&gt;&lt;SPAN&gt;&lt;SPAN&gt;จังหวัดหนองบัวลำภู จาก 36 เป็น 39&lt;/SPAN&gt;&lt;/SPAN&gt;&lt;/P&gt;&lt;P STYLE="margin:0 0 14 0;"&gt;&lt;SPAN&gt;3. แก้ไข &lt;/SPAN&gt;&lt;SPAN&gt;&lt;SPAN&gt;code &lt;/SPAN&gt;&lt;/SPAN&gt;&lt;SPAN&gt;&lt;SPAN&gt;อำเภอเวียงเก่า จังหวัดขอนแก่น จาก 16 เป็น 26 เพราะ 16 เป็น &lt;/SPAN&gt;&lt;/SPAN&gt;&lt;SPAN&gt;&lt;SPAN&gt;code &lt;/SPAN&gt;&lt;/SPAN&gt;&lt;SPAN&gt;&lt;SPAN&gt;อำเภอภูเวียง&lt;/SPAN&gt;&lt;/SPAN&gt;&lt;/P&gt;&lt;P STYLE="margin:0 0 14 0;"&gt;&lt;SPAN&gt;4. เพิ่ม ต.โพธิ์แตง อ.บางไทร จ.พระนครศรีอยุธยา (เดิมมี ต.เชียงรากน้อย 2 &lt;/SPAN&gt;&lt;SPAN&gt;&lt;SPAN&gt;polygon&lt;/SPAN&gt;&lt;/SPAN&gt;&lt;SPAN&gt;&lt;SPAN&gt;)&lt;/SPAN&gt;&lt;/SPAN&gt;&lt;/P&gt;&lt;P STYLE="margin:0 0 14 0;"&gt;&lt;SPAN&gt;5. เพิ่ม ต.ตลาดเกรียบ อ.บางปะอิน จ.พระนครศรีอยุธยา (เดิมเป็น ต.ขนอนหลวง 2 &lt;/SPAN&gt;&lt;SPAN&gt;&lt;SPAN&gt;polygon&lt;/SPAN&gt;&lt;/SPAN&gt;&lt;SPAN&gt;&lt;SPAN&gt;)&lt;/SPAN&gt;&lt;/SPAN&gt;&lt;/P&gt;&lt;P STYLE="margin:0 0 14 0;"&gt;&lt;SPAN&gt;6. แก้ไข &lt;/SPAN&gt;&lt;SPAN&gt;&lt;SPAN&gt;code AMPHOE_IDN &lt;/SPAN&gt;&lt;/SPAN&gt;&lt;SPAN&gt;&lt;SPAN&gt;ตำบลห้วยโรง อำเภอร้องกวาง จังหวัดแพร่ จาก 4502 เป็น 5402&lt;/SPAN&gt;&lt;/SPAN&gt;&lt;/P&gt;&lt;P STYLE="margin:0 0 14 0;"&gt;&lt;SPAN&gt;7. อ.แม่แจ่ม แยกเป็นอำเภอกัลยาณิวัฒนา (เอาแม่แจ่มมา 3 ตำบล คือ บ้านจันทร์ แม่แดด และแจ่มหลวง)&lt;/SPAN&gt;&lt;/P&gt;&lt;P STYLE="margin:0 0 14 0;"&gt;&lt;SPAN&gt;8. &lt;/SPAN&gt;&lt;SPAN&gt;&lt;SPAN&gt;ตำบลร่มเย็น อำเภอเชียงคำ จังหวัดพะเยา มี 2 &lt;/SPAN&gt;&lt;/SPAN&gt;&lt;SPAN&gt;&lt;SPAN&gt;polygon&lt;/SPAN&gt;&lt;/SPAN&gt;&lt;/P&gt;&lt;P STYLE="margin:0 0 14 0;"&gt;&lt;SPAN&gt;9. &lt;/SPAN&gt;&lt;SPAN&gt;เพิ่มข้อมูลระดับตำบล (แขวง) จังหวัดกรุงเทพมหานคร&lt;/SPAN&gt;&lt;/P&gt;&lt;P&gt;&lt;SPAN /&gt;&lt;/P&gt;&lt;/DIV&gt;&lt;/DIV&gt;&lt;/DIV&gt;</idAbs><idCredit>ฝ่ายประยุกต์ข้อมูล GIS ศูนย์พัฒนาภูมิสารสนเทศ และ
ฝ่ายผลิตชั้นข้อมูลภูมิสารสนเทศ สำนักผลิตภัณฑ์ภูมิสารสนเทศ  ปี 2556</idCredit><idCitation xmlns=""><resTitle>ขอบเขตการปกครองระดับตำบล ปี 2556</resTitle><presForm xmlns=""><PresFormCd value="005" Sync="TRUE"/><fgdcGeoform>vector digital data</fgdcGeoform></presForm><date><createDate>2015-08-05T00:00:00</createDate></date></idCitation><envirDesc Sync="TRUE"> Version 6.2 (Build 9200) ; Esri ArcGIS 10.3.0.4284</envirDesc><dataLang><languageCode value="tha" Sync="TRUE"/><countryCode value="THA" Sync="TRUE"/></dataLang><spatRpType><SpatRepTypCd value="001" Sync="TRUE"/></spatRpType><dataExt><geoEle xmlns=""><GeoBndBox esriExtentType="search"><exTypeCode Sync="TRUE">1</exTypeCode><westBL Sync="TRUE">97.343699</westBL><eastBL Sync="TRUE">105.637025</eastBL><northBL Sync="TRUE">20.464926</northBL><southBL Sync="TRUE">5.612738</southBL></GeoBndBox></geoEle></dataExt><resConst><Consts><useLimit>&lt;DIV STYLE="text-align:Left;"&gt;&lt;DIV&gt;&lt;DIV&gt;&lt;P STYLE="margin:0 0 7 0;"&gt;&lt;SPAN&gt;&lt;SPAN&gt;ลิขสิทธิ์(&lt;/SPAN&gt;&lt;/SPAN&gt;&lt;SPAN&gt;&lt;SPAN&gt;Copyright)&lt;/SPAN&gt;&lt;/SPAN&gt;&lt;/P&gt;&lt;P&gt;&lt;SPAN /&gt;&lt;/P&gt;&lt;/DIV&gt;&lt;/DIV&gt;&lt;/DIV&gt;</useLimit></Consts></resConst><tpCat><TopicCatCd value="003"/></tpCat></dataIdInfo><mdLang><languageCode value="tha" Sync="TRUE"/><countryCode value="THA" Sync="TRUE"/></mdLang><mdChar><CharSetCd value="004" Sync="TRUE"/></mdChar><distInfo xmlns=""><distFormat xmlns=""><formatName Sync="TRUE">Shapefile</formatName><formatVer>-</formatVer></distFormat><distTranOps xmlns=""><transSize Sync="TRUE">90.704</transSize></distTranOps></distInfo><mdHrLv><ScopeCd value="005" Sync="TRUE"/></mdHrLv><mdHrLvName Sync="TRUE">dataset</mdHrLvName><refSysInfo><RefSystem dimension="horizontal"><refSysID xmlns=""><identCode code="4326" Sync="TRUE"/><idCodeSpace Sync="TRUE">EPSG</idCodeSpace><idVersion Sync="TRUE">8.2.6</idVersion></refSysID></RefSystem></refSysInfo><spatRepInfo><VectSpatRep><geometObjs Name="L05_Tambon_GISTDA_50k"><geoObjTyp><GeoObjTypCd value="002" Sync="TRUE"></GeoObjTypCd></geoObjTyp><geoObjCnt Sync="TRUE">7367</geoObjCnt></geometObjs><topLvl><TopoLevCd value="001" Sync="TRUE"></TopoLevCd></topLvl></VectSpatRep></spatRepInfo><spdoinfo><ptvctinf><esriterm Name="L05_Tambon_GISTDA_50k"><efeatyp Sync="TRUE">Simple</efeatyp><efeageom code="4" Sync="TRUE"></efeageom><esritopo Sync="TRUE">FALSE</esritopo><efeacnt Sync="TRUE">7367</efeacnt><spindex Sync="TRUE">FALSE</spindex><linrefer Sync="TRUE">FALSE</linrefer></esriterm></ptvctinf></spdoinfo><eainfo><detailed Name="L05_Tambon_GISTDA_50k"><enttyp><enttypl Sync="TRUE">L05_Tambon_GISTDA_50k</enttypl><enttypt Sync="TRUE">Feature Class</enttypt><enttypc Sync="TRUE">7367</enttypc><enttypd>ขอบเขตการปกครองระดับตำบล ปี 2556</enttypd><enttypds>กรมการปกครอง</enttypds></enttyp><attr><attrlabl Sync="TRUE">FID</attrlabl><attalias Sync="TRUE">FID</attalias><attrtype Sync="TRUE">OID</attrtype><attwidth Sync="TRUE">4</attwidth><atprecis Sync="TRUE">0</atprecis><attscale Sync="TRUE">0</attscale><attrdef Sync="TRUE">Internal feature number.</attrdef><attrdefs Sync="TRUE">Esri</attrdefs><attrdomv><udom Sync="TRUE">Sequential unique whole numbers that are automatically generated.</udom></attrdomv></attr><attr><attrlabl Sync="TRUE">Shape</attrlabl><attalias Sync="TRUE">Shape</attalias><attrtype Sync="TRUE">Geometry</attrtype><attwidth Sync="TRUE">0</attwidth><atprecis Sync="TRUE">0</atprecis><attscale Sync="TRUE">0</attscale><attrdef Sync="TRUE">Feature geometry.</attrdef><attrdefs Sync="TRUE">Esri</attrdefs><attrdomv><udom Sync="TRUE">Coordinates defining the features.</udom></attrdomv></attr><attr><attrlabl Sync="TRUE">TB_IDN</attrlabl><attalias Sync="TRUE">TB_IDN</attalias><attrtype Sync="TRUE">Integer</attrtype><attwidth Sync="TRUE">9</attwidth><atprecis Sync="TRUE">9</atprecis><attscale Sync="TRUE">0</attscale></attr><attr><attrlabl Sync="TRUE">TB_CODE</attrlabl><attalias Sync="TRUE">TB_CODE</attalias><attrtype Sync="TRUE">String</attrtype><attwidth Sync="TRUE">2</attwidth><atprecis Sync="TRUE">0</atprecis><attscale Sync="TRUE">0</attscale></attr><attr><attrlabl Sync="TRUE">TB_TN</attrlabl><attalias Sync="TRUE">TB_TN</attalias><attrtype Sync="TRUE">String</attrtype><attwidth Sync="TRUE">50</attwidth><atprecis Sync="TRUE">0</atprecis><attscale Sync="TRUE">0</attscale></attr><attr><attrlabl Sync="TRUE">TB_EN</attrlabl><attalias Sync="TRUE">TB_EN</attalias><attrtype Sync="TRUE">String</attrtype><attwidth Sync="TRUE">50</attwidth><atprecis Sync="TRUE">0</atprecis><attscale Sync="TRUE">0</attscale></attr><attr><attrlabl Sync="TRUE">AP_IDN</attrlabl><attalias Sync="TRUE">AP_IDN</attalias><attrtype Sync="TRUE">Integer</attrtype><attwidth Sync="TRUE">9</attwidth><atprecis Sync="TRUE">9</atprecis><attscale Sync="TRUE">0</attscale></attr><attr><attrlabl Sync="TRUE">AP_CODE</attrlabl><attalias Sync="TRUE">AP_CODE</attalias><attrtype Sync="TRUE">String</attrtype><attwidth Sync="TRUE">4</attwidth><atprecis Sync="TRUE">0</atprecis><attscale Sync="TRUE">0</attscale></attr><attr><attrlabl Sync="TRUE">AP_TN</attrlabl><attalias Sync="TRUE">AP_TN</attalias><attrtype Sync="TRUE">String</attrtype><attwidth Sync="TRUE">50</attwidth><atprecis Sync="TRUE">0</atprecis><attscale Sync="TRUE">0</attscale></attr><attr><attrlabl Sync="TRUE">AP_EN</attrlabl><attalias Sync="TRUE">AP_EN</attalias><attrtype Sync="TRUE">String</attrtype><attwidth Sync="TRUE">50</attwidth><atprecis Sync="TRUE">0</atprecis><attscale Sync="TRUE">0</attscale></attr><attr><attrlabl Sync="TRUE">PV_IDN</attrlabl><attalias Sync="TRUE">PV_IDN</attalias><attrtype Sync="TRUE">Integer</attrtype><attwidth Sync="TRUE">9</attwidth><atprecis Sync="TRUE">9</atprecis><attscale Sync="TRUE">0</attscale></attr><attr><attrlabl Sync="TRUE">PV_CODE</attrlabl><attalias Sync="TRUE">PV_CODE</attalias><attrtype Sync="TRUE">String</attrtype><attwidth Sync="TRUE">2</attwidth><atprecis Sync="TRUE">0</atprecis><attscale Sync="TRUE">0</attscale></attr><attr><attrlabl Sync="TRUE">PV_TN</attrlabl><attalias Sync="TRUE">PV_TN</attalias><attrtype Sync="TRUE">String</attrtype><attwidth Sync="TRUE">50</attwidth><atprecis Sync="TRUE">0</atprecis><attscale Sync="TRUE">0</attscale></attr><attr><attrlabl Sync="TRUE">PV_EN</attrlabl><attalias Sync="TRUE">PV_EN</attalias><attrtype Sync="TRUE">String</attrtype><attwidth Sync="TRUE">50</attwidth><atprecis Sync="TRUE">0</atprecis><attscale Sync="TRUE">0</attscale></attr><attr><attrlabl Sync="TRUE">RE_NESDB</attrlabl><attalias Sync="TRUE">RE_NESDB</attalias><attrtype Sync="TRUE">String</attrtype><attwidth Sync="TRUE">50</attwidth><atprecis Sync="TRUE">0</atprecis><attscale Sync="TRUE">0</attscale></attr><attr><attrlabl Sync="TRUE">RE_ROYIN</attrlabl><attalias Sync="TRUE">RE_ROYIN</attalias><attrtype Sync="TRUE">String</attrtype><attwidth Sync="TRUE">50</attwidth><atprecis Sync="TRUE">0</atprecis><attscale Sync="TRUE">0</attscale></attr><attr><attrlabl Sync="TRUE">AD_LEVEL</attrlabl><attalias Sync="TRUE">AD_LEVEL</attalias><attrtype Sync="TRUE">SmallInteger</attrtype><attwidth Sync="TRUE">4</attwidth><atprecis Sync="TRUE">4</atprecis><attscale Sync="TRUE">0</attscale></attr><attr><attrlabl Sync="TRUE">TA_ID</attrlabl><attalias Sync="TRUE">TA_ID</attalias><attrtype Sync="TRUE">SmallInteger</attrtype><attwidth Sync="TRUE">4</attwidth><atprecis Sync="TRUE">4</atprecis><attscale Sync="TRUE">0</attscale></attr><attr><attrlabl Sync="TRUE">TAMBON_T</attrlabl><attalias Sync="TRUE">TAMBON_T</attalias><attrtype Sync="TRUE">String</attrtype><attwidth Sync="TRUE">50</attwidth><atprecis Sync="TRUE">0</atprecis><attscale Sync="TRUE">0</attscale></attr><attr><attrlabl Sync="TRUE">TAMBON_E</attrlabl><attalias Sync="TRUE">TAMBON_E</attalias><attrtype Sync="TRUE">String</attrtype><attwidth Sync="TRUE">50</attwidth><atprecis Sync="TRUE">0</atprecis><attscale Sync="TRUE">0</attscale></attr><attr><attrlabl Sync="TRUE">AM_ID</attrlabl><attalias Sync="TRUE">AM_ID</attalias><attrtype Sync="TRUE">SmallInteger</attrtype><attwidth Sync="TRUE">4</attwidth><atprecis Sync="TRUE">4</atprecis><attscale Sync="TRUE">0</attscale></attr><attr><attrlabl Sync="TRUE">AMPHOE_T</attrlabl><attalias Sync="TRUE">AMPHOE_T</attalias><attrtype Sync="TRUE">String</attrtype><attwidth Sync="TRUE">50</attwidth><atprecis Sync="TRUE">0</atprecis><attscale Sync="TRUE">0</attscale></attr><attr><attrlabl Sync="TRUE">AMPOHE_E</attrlabl><attalias Sync="TRUE">AMPOHE_E</attalias><attrtype Sync="TRUE">String</attrtype><attwidth Sync="TRUE">50</attwidth><atprecis Sync="TRUE">0</atprecis><attscale Sync="TRUE">0</attscale></attr><attr><attrlabl Sync="TRUE">CH_ID</attrlabl><attalias Sync="TRUE">CH_ID</attalias><attrtype Sync="TRUE">SmallInteger</attrtype><attwidth Sync="TRUE">4</attwidth><atprecis Sync="TRUE">4</atprecis><attscale Sync="TRUE">0</attscale></attr><attr><attrlabl Sync="TRUE">CHANGWAT_T</attrlabl><attalias Sync="TRUE">CHANGWAT_T</attalias><attrtype Sync="TRUE">String</attrtype><attwidth Sync="TRUE">50</attwidth><atprecis Sync="TRUE">0</atprecis><attscale Sync="TRUE">0</attscale></attr><attr><attrlabl Sync="TRUE">CHANGWAT_E</attrlabl><attalias Sync="TRUE">CHANGWAT_E</attalias><attrtype Sync="TRUE">String</attrtype><attwidth Sync="TRUE">50</attwidth><atprecis Sync="TRUE">0</atprecis><attscale Sync="TRUE">0</attscale></attr><attr><attrlabl Sync="TRUE">MOD_DATE</attrlabl><attalias Sync="TRUE">MOD_DATE</attalias><attrtype Sync="TRUE">Date</attrtype><attwidth Sync="TRUE">8</attwidth><atprecis Sync="TRUE">0</atprecis><attscale Sync="TRUE">0</attscale></attr><attr><attrlabl Sync="TRUE">SHAPEAREA</attrlabl><attalias Sync="TRUE">SHAPEAREA</attalias><attrtype Sync="TRUE">Double</attrtype><attwidth Sync="TRUE">17</attwidth><atprecis Sync="TRUE">16</atprecis><attscale Sync="TRUE">3</attscale></attr></detailed></eainfo><mdDateSt Sync="TRUE">20170206</mdDateSt><idinfo><ptcontac><cntinfo><cntorgp><cntorg>ฝ่ายผลิตชั้นข้อมูลภูมิสารสนเทศ สำนักผลิตภัณฑ์ภูมิสารสนเทศ</cntorg><cntper>นางธีรกานต์ ชัยคงทอง</cntper></cntorgp><cntpos>นักภูมิสารสนเทศ</cntpos><cntvoice>02-141-4626</cntvoice><cntfax>02-143-9596</cntfax><cntemail>thirakan@gistda.or.th</cntemail><cntaddr><addrtype>physical address</addrtype><address>ศูนย์ราชการแจ้งวัฒนะ อาคารB ชั้น 6-7 ถ.แจ้งวัฒนะ แขวงทุ่งสองห้อง เขตหลักสี่ หลักสี่ กรุงเทพมหานคร 10210</address><city>หลักสี่</city><state>กรุงเทพมหานคร</state><postal>10210</postal><country>ไทย</country></cntaddr></cntinfo></ptcontac><citation><citeinfo><origin>ฝ่ายผลิตชั้นข้อมูลภูมิสารสนเทศ สำนักผลิตภัณฑ์ภูมิสารสนเทศ สทอภ.</origin><pubdate>2011</pubdate><pubtime>-</pubtime><title>ขอบเขตการปกครองระดับตำบล ปี 2556</title><edition>version6_20150312</edition><geoform>vector digital data</geoform><onlink>-</onlink></citeinfo></citation><keywords><theme><themekey>ตำบล</themekey><themekey>Tambon</themekey><themekey>ขอบเขตตำบล</themekey><themekey>Boundary Tambon</themekey></theme></keywords><descript><abstract>1. แก้ไขชื่อภาษาไทย ภาษาอังกฤษที่ไม่เขียนไม่ถูกต้องตามชื่อสถานที่จริงในระดับจังหวัดและอำเภอ โดยอ้างอิงจากหนังสือประกาศสำนักนายกรัฐมนตรีและประกาศราชบัณฑิตยสถาน เรื่อง การเขียนชื่อจังหวัด เขต อำเภอ และกิ่งอำเภอ และ เรื่องหลักเกณฑ์การถอดอักษรไทยเป็นอักษรโรมันแบบถ่ายเสียง ปี พิมพ์ครั้งที่ 1 พ.ศ.2553ส่วนระดับตำบลอ้างอิงจาก http://www.wikipedia.org/ยกตัวอย่างเช่น คำว่า “เมือง” ภาษาอังกฤษในตารางจะเขียนเป็น “Muang” แต่ตามหนังสือประกาศฯ เขียน “Mueang”2. แก้ไขcode จังหวัดหนองบัวลำภู จาก 36 เป็น 393. แก้ไข code อำเภอเวียงเก่า จังหวัดขอนแก่น จาก 16 เป็น 26 เพราะ 16 เป็น code อำเภอภูเวียง4. เพิ่ม ต.โพธิ์แตง อ.บางไทร จ.พระนครศรีอยุธยา (เดิมมี ต.เชียงรากน้อย 2 polygon)5. เพิ่ม ต.ตลาดเกรียบ อ.บางปะอิน จ.พระนครศรีอยุธยา (เดิมเป็น ต.ขนอนหลวง 2 polygon)6. แก้ไข code AMPHOE_IDN ตำบลห้วยโรง อำเภอร้องกวาง จังหวัดแพร่ จาก 4502 เป็น 54027. อ.แม่แจ่ม แยกเป็นอำเภอกัลยาณิวัฒนา (เอาแม่แจ่มมา 3 ตำบล คือ บ้านจันทร์ แม่แดด และแจ่มหลวง)8. ตำบลร่มเย็น อำเภอเชียงคำ จังหวัดพะเยา มี 2 polygon9. เพิ่มข้อมูลระดับตำบล (แขวง) จังหวัดกรุงเทพมหานคร</abstract><purpose>ขอบเขตตำบลอัพเดทจากข้อมูลของกรมการปกครอง (DOPA) ปี 2554 </purpose><langdata>ไทย</langdata><supplinf>ภาษาอังกฤษที่ไม่เขียนไม่ถูกต้องตามชื่อสถานที่จริงในระดับจังหวัดและอำเภอ โดยอ้างอิงจากหนังสือประกาศสำนักนายกรัฐมนตรีและประกาศราชบัณฑิตยสถาน เรื่อง การเขียนชื่อจังหวัด เขต อำเภอ และกิ่งอำเภอ และ เรื่องหลักเกณฑ์การถอดอักษรไทยเป็นอักษรโรมันแบบถ่ายเสียง ปี พิมพ์ครั้งที่ 1 พ.ศ.2553ส่วนระดับตำบลอ้างอิงจาก http://www.wikipedia.org/ยกตัวอย่างเช่น คำว่า “เมือง” ภาษาอังกฤษในตารางจะเขียนเป็น “Muang” แต่ตามหนังสือประกาศฯ เขียน “Mueang”</supplinf></descript><status><progress>Complete</progress><update>None planned</update></status><spdom><bounding><westbc>97.343699</westbc><eastbc>105.637025</eastbc><northbc>20.464926</northbc><southbc>5.612738</southbc></bounding></spdom><accconst>ลิขสิทธิ์(Copyright)</accconst><useconst>ลิขสิทธิ์(Copyright)</useconst><datacred>ฝ่ายประยุกต์ข้อมูล GIS ศูนย์พัฒนาภูมิสารสนเทศ และ
ฝ่ายผลิตชั้นข้อมูลภูมิสารสนเทศ สำนักผลิตภัณฑ์ภูมิสารสนเทศ  ปี 2556</datacred><secinfo><secclass>Unclassified</secclass><sechandl>ห้ามคัดลอกหรือเผยแพร่นอกจากจะได้รับการอนุญาตจากหน่วยงานที่ให้บริการ และอ้างอิงถึงแหล่งข้อมูลด้วย</sechandl></secinfo><native>Microsoft Windows 7 Version 6.1 (Build 7601) Service Pack 1; Esri ArcGIS 10.2.0.3348</native><natvform>ESRI Shape file (.shp)</natvform></idinfo><dataqual><lineage><procstep><proccont><cntinfo><cntorgp><cntorg>ฝ่ายผลิตชั้นข้อมูลภูมิสารสนเทศ สำนักผลิตภัณฑ์ภูมิสารสนเทศ สำนักงานพัฒนาเทคโนโลยีอวกาศและภูมิสารสนเทศ (องค์การมหาชน)</cntorg><cntper>นางธีรกานต์ ชัยคงทอง</cntper></cntorgp><cntpos>นักภูมิสารสนเทศ</cntpos><cntaddr><addrtype>physical address</addrtype><address>
ศูนย์ราชการแจ้งวัฒนะ อาคารB ชั้น 6-7 ถ.แจ้งวัฒนะ แขวงทุ่งสองห้อง เขตหลักสี่ หลักสี่ กรุงเทพมหานคร 10210
</address><city>หลักสี่</city><state>กรุงเทพมหานคร</state><postal>10210</postal><country>ไทย</country></cntaddr><cntvoice>02-141-4626</cntvoice><cntfax>02-143-9569</cntfax><cntemail>thirakan@gistda.or.th</cntemail></cntinfo></proccont><procdesc>ขั้นตอนในการทำงาน
1. แก้ไขชื่อภาษาไทย ภาษาอังกฤษที่ไม่เขียนไม่ถูกต้องตามชื่อสถานที่จริงในระดับจังหวัดและอำเภอ โดยอ้างอิงจากหนังสือประกาศสำนักนายกรัฐมนตรีและประกาศราชบัณฑิตยสถาน เรื่อง การเขียนชื่อจังหวัด เขต อำเภอ และกิ่งอำเภอ และ เรื่องหลักเกณฑ์การถอดอักษรไทยเป็นอักษรโรมันแบบถ่ายเสียง ปี พิมพ์ครั้งที่ 1 พ.ศ.2553ส่วนระดับตำบลอ้างอิงจาก http://www.wikipedia.org/ยกตัวอย่างเช่น คำว่า “เมือง” ภาษาอังกฤษในตารางจะเขียนเป็น “Muang” แต่ตามหนังสือประกาศฯ เขียน “Mueang”2. แก้ไขcode จังหวัดหนองบัวลำภู จาก 36 เป็น 393. แก้ไข code อำเภอเวียงเก่า จังหวัดขอนแก่น จาก 16 เป็น 26 เพราะ 16 เป็น code อำเภอภูเวียง4. เพิ่ม ต.โพธิ์แตง อ.บางไทร จ.พระนครศรีอยุธยา (เดิมมี ต.เชียงรากน้อย 2 polygon)5. เพิ่ม ต.ตลาดเกรียบ อ.บางปะอิน จ.พระนครศรีอยุธยา (เดิมเป็น ต.ขนอนหลวง 2 polygon)6. แก้ไข code AMPHOE_IDN ตำบลห้วยโรง อำเภอร้องกวาง จังหวัดแพร่ จาก 4502 เป็น 54027. อ.แม่แจ่ม แยกเป็นอำเภอกัลยาณิวัฒนา (เอาแม่แจ่มมา 3 ตำบล คือ บ้านจันทร์ แม่แดด และแจ่มหลวง)8. ตำบลร่มเย็น อำเภอเชียงคำ จังหวัดพะเยา มี 2 polygon9. เพิ่มข้อมูลระดับตำบล (แขวง) จังหวัดกรุงเทพมหานคร</procdesc><procsv>ArcGIS 10.0</procsv><procdate>ปี 2556</procdate></procstep><srcinfo><srcscale>มาตราส่วน 1:50000</srcscale><typesrc>CD-ROM</typesrc><srccitea>-</srccitea><srccontr>-</srccontr></srcinfo></lineage><attracc><attraccr>-</attraccr><qattracc><attraccv>-</attraccv><attracce>-</attracce></qattracc></attracc><logic>-</logic><complete>-</complete><posacc><horizpa><horizpar>-</horizpar><qhorizpa><horizpav>-</horizpav><horizpae>-</horizpae></qhorizpa></horizpa><vertacc><vertaccr>-</vertaccr><qvertpa><vertaccv>-</vertaccv><vertacce>-</vertacce></qvertpa></vertacc></posacc><cloud>-</cloud></dataqual><distinfo><distrib><cntinfo><cntorgp><cntper>นางสาวลีลาวรรณ สุเทพรักษ์</cntper><cntorg>ฝ่ายบริการผลิตภัณฑ์ สำนักประยุกต์และบริการภูมิสารสนเทศ</cntorg></cntorgp><cntvoice>02-141-4557</cntvoice><cntpos>หัวหน้าฝ่ายบริการผลิตภัณฑ์</cntpos><cntemail>Leelawan@gistda.or.th</cntemail><cntaddr><addrtype>physical address</addrtype><address>ศูนย์ราชการแจ้งวัฒนะ อาคารB ชั้น 6-7 ถ.แจ้งวัฒนะ แขวงทุ่งสองห้อง เขตหลักสี่ หลักสี่ กรุงเทพมหานคร 10210</address><city>หลักสี่</city><state>กรุงเทพมหานคร</state><postal>10210</postal><country>ไทย</country></cntaddr></cntinfo></distrib><resdesc>-</resdesc><distliab>-</distliab><stdorder><fees>ไม่เสียค่าธรรมเนียม</fees><ordering>ให้นำ CD-ROM มาใช้ในการบันทึกข้อมูลด้วย</ordering><turnarnd>8.30 - 16.30</turnarnd></stdorder><custom>ให้ติดต่อฝ่ายบริการผลิตภัณฑ์</custom><techpreq>-</techpreq></distinfo><spref><horizsys><cordsysn><geogcsn>GCS_WGS_1984</geogcsn></cordsysn></horizsys></spref><metainfo><metd>20150707</metd><metrd>-</metrd><metfrd>-</metfrd><langmeta>thai</langmeta><metstdn>FGDC Content Standards for Digital Geospatial Metadata</metstdn><metstdv>FGDC-STD-001-1998</metstdv><mettc>local time</mettc><metac>เนื่องจากข้อมูลจัดเก็บอยู่ในรูปของ Vector Digital Data การนำข้อมูลไปใช้ ให้ใช้โปรแกรมด้านภูมิสารสนเทศในการประมวลผล</metac><metuc>สามารถคัดลอกข้อมูลได้แต่ต้องอ้างอิงแหล่งที่มาของข้อมูล</metuc><metsi><metscs>-</metscs><metsc>Unclassified</metsc><metshd>-</metshd></metsi><metc><cntinfo><cntperp><cntper>ธัญวรัตน์ อนันต์</cntper><cntorg>ฝ่ายผลิตชั้นข้อมูลภูมิสารสนเทศ สำนักงานพัฒนาเทคโนโลยีและภูมิสารสนเทศ</cntorg></cntperp><cntpos>หัวหน้าฝ่ายผลิตชั้นข้อมูลภูมิสารสนเทศ</cntpos><cntaddr><addrtype>physical address</addrtype><address>ศูนย์ราชการแจ้งวัฒนะ อาคารB ชั้น 6-7 ถ.แจ้งวัฒนะ แขวงทุ่งสองห้อง เขตหลักสี่ หลักสี่ Bangkok 10210</address><city>หลักสี่</city><state>กรุงเทพ</state><postal>10210</postal><country>ประเทศไทย</country></cntaddr><cntvoice>+66 (0) 2 141-4595</cntvoice><cnttdd>+66 (0) 2 141-4595</cnttdd><cntfax>+66 (0) 143-9596</cntfax><cntemail>twarat@gistda.or.th</cntemail><hours>8:30 - 16:30</hours><cntinst>Please make appointment.</cntinst></cntinfo></metc></metainfo><mdFileID>41DBCC03-5F7B-4EDD-AF93-D507C31DC7D9</mdFileID><mdContact xmlns=""><rpIndName>ธัญวรัตน์ อนันต์</rpIndName><rpOrgName>ฝ่ายผลิตชั้นข้อมูลภูมิสารสนเทศ สำนักงานพัฒนาเทคโนโลยีอวกาศและภูมิสารสนเทศ</rpOrgName><rpPosName>หัวหน้าผลิตชั้นข้อมูลภูมิสารสนเทศ</rpPosName><role><RoleCd value="007"/></role></mdContact></metadata>
